content,score,at,appVersion
sangat baik,5,2026-10-09T00:12:15,
"sangat sangat dan sangat jelek susah login padahal nik,pw,dan chapca sudah benar di ulang berkali-kali tetap salah kacau👎🏻",1,2026-10-09T00:00:22,
aku suka aplikasinya sangat membantu,5,2026-10-08T23:37:36,
oke,5,2026-10-08T23:30:09,
cakep,4,2026-10-08T23:11:10,
"sampai saat ini alhamdulillah berjalan dengan baik dan semoga seterusnya dan lebih sampel,mudah untuk yang berkepentingan",5,2026-10-08T22:59:19,
ya allah semogga amplikasi ini bisa membantu lebih bagus buat pengobatan,5,2026-10-08T22:44:02,
mantap,5,2026-10-08T22:13:05,
sangat membantu,5,2026-10-08T21:58:25,
"TOLONG PERHATIKAN sepertinya ada kebocoran data dari aplikasi ini, barusan ada yg menelfon saya beratas namakan obat herbal mencoba menjual atau mengirim obat obatnya dengan menanyakan datail alamat lengkap, serta tahu menahu riwayat penyakit saya, dan detail pentingnya saya semenit yg lalu baru melakukan verifikasi muka untuk perubahan lokasi berobat di mobile jkn, pelaku tahu persis posisi saya vermuk dan kejanggalannya menyebutkan posisi saya melakukannya. TOLONG DI TINDAK SEGERA. PENTING",1,2026-10-08T21:25:05,
"APLIKASI RIBET! UDH LAMA GA BERTOBAT HARUS LOGIN LAGI LOGIN LAGI GJLS EMANG SEPENTING ITU KAH MANA DATA NO TELP NYA JUGA NGACO, ENGGA SESUAI DENGAN NO TELP ANGGOTA KELUARGA SAYA!",1,2026-10-08T21:17:42,
slalu eror tlong sistemnya lebih di perbaiki lagi,5,2026-10-08T21:10:44,
"sangat membantu, mantap",5,2026-10-08T21:03:14,
sangat baik,5,2026-10-08T21:01:08,
alhamdulillah berhasil update faskes terdekat,5,2026-10-08T20:38:39,
"aplikasi kocak,verifikasi wajah gagal terus",5,2026-10-08T20:31:43,
"aplikasinya ribet, minta diperbarui, pala di perbarui ga bsa malah ga di dukung perangkat aneh mmmng",1,2026-10-08T20:26:10,
"aplikasi ga guna nyusahin, masa daftar rehab susah bgt",1,2026-10-08T20:09:54,
"Aplikasi bosok dah daftar gak jelas bayare, tulisane wis dibayar tapi kartu tetep gak aktif padahal wis 14hari.. bosok bosok!",1,2026-10-08T20:06:05,
aplikasi ko kaya ginih mau verivikasi wajah susah banget padahal aplikasi ini punya negara ko susah banget,1,2026-10-08T20:04:53,
sistemnya tolong dibenerin dong. masa error mulu pas dibutuhkan. mau buka apk aja gabisa masa,1,2026-10-08T19:43:06,
mau buat akun anak 2 thn harus verifikasi wajah senyum kedip kadap kiri kanan cahaya jangan silau jangan redup kita orang dewasa aja sering gagal gmn mau cek riwayat rawat begini caranya tim IT ganti aja lah .,1,2026-10-08T19:37:25,
mantap,5,2026-10-08T19:36:10,
saat perekaman biometrik wajah lama banget sekali belok langsung gagal,1,2026-10-08T19:29:50,
"aplikasi semakin mudah dalam pengaksesan,mudah mudah semakin berkembang lebih di permudah lagi lebih meningkat lagi dalam fasilitas pelayanan di JKN",5,2026-10-08T19:16:50,
"Aplikasi sangat membantu, tapi sukaa bangett erorrr mau daftar gabisa bisaa",3,2026-10-08T19:13:45,
"tiap pembaruan aplikasi selalu Log out sendiri . pas mau log in tombol gabisa di klik. ini maunya gimana dah.,,",5,2026-10-08T19:03:07,
"Makin ke sini. pendaftaran online tidak pernah bisa. slot kosong, pas diklik kuotanya penuh atau sedang tidak buka. kan aneh. mau daftar dokter umum dan gigi, ga bisa2 terus. selalu gak kebagian. terus gimana ini.",1,2026-10-08T18:49:36,
Alhamdulillah ckup membantu,5,2026-10-08T18:46:21,
sangat membantu dan bermanfaat,5,2026-10-08T18:39:14,
mudah dan cepat,5,2026-10-08T18:27:58,
tiap mau cek selalu lama banget. mau daftar antrean sja repot masuk... masuk.... masuk... masuk.... masuk. sdah masuk ambil antrean proses. proses.proses... d bayar negara kerjanya cepat apa memang niat d buat lama.,1,2026-10-08T18:18:03,
"mau OP aja lama banget nunggu nya pakai BPJS , buruk",1,2026-10-08T17:49:44,
susah masuk daftar online nya,5,2026-10-08T17:44:52,
sangat puas,5,2026-10-08T17:43:11,
sangat disayangkan aplikasinya kadang gak bisa pendaftaran online RS error terus!!!,1,2026-10-08T17:38:09,
baik,5,2026-10-08T17:32:41,
Aplikasinya baik dan tidak ada masalah. Sangat bermanfaat bagi keluarga saya,5,2026-10-08T17:22:41,
eror lemot kebuka dan suka logout sendiri,2,2026-10-08T17:22:38,
"ribet udah daftar masi aja ga bisa masuk, tolong dong benerin lagi fitur nya apa karna gratis ya jadi serba ribet? sampe susah masuk nya",1,2026-10-08T17:11:38,
