date,total,positif,negatif,netral,pos_ratio,neg_ratio,anomaly,llm_provider
2025-01-01,220,104,47,69,0.4727,0.2136,0,
2025-01-02,308,154,70,84,0.5,0.2273,0,
2025-01-03,265,128,53,84,0.483,0.2,0,
2025-01-04,235,98,57,80,0.417,0.2426,0,
2025-01-05,196,90,47,59,0.4592,0.2398,0,
2025-01-06,351,163,90,98,0.4644,0.2564,0,
2025-01-07,318,129,86,103,0.4057,0.2704,0,
2025-01-08,293,127,73,93,0.4334,0.2491,0,
2025-01-09,245,111,59,75,0.4531,0.2408,0,
2025-01-10,224,107,49,68,0.4777,0.2188,0,
2025-01-11,155,74,37,44,0.4774,0.2387,0,
2025-01-12,171,72,46,53,0.4211,0.269,0,
2025-01-13,306,112,99,95,0.366,0.3235,0,
2025-01-14,214,80,69,65,0.3738,0.3224,0,
2025-01-15,232,99,66,67,0.4267,0.2845,0,
2025-01-16,204,100,50,54,0.4902,0.2451,0,
2025-01-17,189,91,49,49,0.4815,0.2593,0,
2025-01-18,131,64,29,38,0.4885,0.2214,0,
2025-01-19,153,62,42,49,0.4052,0.2745,0,
2025-01-20,239,88,74,77,0.3682,0.3096,0,
2025-01-21,270,101,92,77,0.3741,0.3407,0,
2025-01-22,220,91,49,80,0.4136,0.2227,0,
2025-01-23,184,92,54,38,0.5,0.2935,0,
2025-01-24,189,85,62,42,0.4497,0.328,0,
2025-01-25,136,60,32,44,0.4412,0.2353,0,
2025-01-26,91,38,30,23,0.4176,0.3297,0,
2025-01-27,123,60,33,30,0.4878,0.2683,0,
2025-01-28,152,72,37,43,0.4737,0.2434,0,
2025-01-29,127,57,31,39,0.4488,0.2441,0,
2025-01-30,264,94,96,74,0.3561,0.3636,0,
2025-01-31,235,85,90,60,0.3617,0.383,0,
2025-02-01,651,105,353,193,0.1613,0.5422,0,
2025-02-02,166,57,56,53,0.3434,0.3373,0,
2025-02-03,295,111,97,87,0.3763,0.3288,0,
2025-02-04,249,113,54,82,0.4538,0.2169,0,
2025-02-05,230,94,68,68,0.4087,0.2957,0,
2025-02-06,187,76,51,60,0.4064,0.2727,0,
2025-02-07,172,62,56,54,0.3605,0.3256,0,
2025-02-08,118,58,28,32,0.4915,0.2373,0,
2025-02-09,125,52,33,40,0.416,0.264,0,
2025-02-10,240,114,59,67,0.475,0.2458,0,
2025-02-11,192,91,46,55,0.474,0.2396,0,
2025-02-12,193,80,65,48,0.4145,0.3368,0,
2025-02-13,183,89,51,43,0.4863,0.2787,0,
2025-02-14,183,74,56,53,0.4044,0.306,0,
2025-02-15,138,66,35,37,0.4783,0.2536,0,
2025-02-16,117,56,31,30,0.4786,0.265,0,
2025-02-17,215,86,64,65,0.4,0.2977,0,
2025-02-18,187,85,47,55,0.4545,0.2513,0,
2025-02-19,191,71,58,62,0.3717,0.3037,0,
2025-02-20,168,73,44,51,0.4345,0.2619,0,
2025-02-21,168,69,46,53,0.4107,0.2738,0,
2025-02-22,127,59,32,36,0.4646,0.252,0,
2025-02-23,117,38,40,39,0.3248,0.3419,0,
2025-02-24,239,92,79,68,0.3849,0.3305,0,
2025-02-25,203,87,58,58,0.4286,0.2857,0,
2025-02-26,182,99,41,42,0.544,0.2253,0,
2025-02-27,185,89,38,58,0.4811,0.2054,0,
2025-02-28,223,119,39,65,0.5336,0.1749,0,
2025-03-01,199,103,43,53,0.5176,0.2161,0,
2025-03-02,152,69,30,53,0.4539,0.1974,0,
2025-03-03,261,100,73,88,0.3831,0.2797,0,
2025-03-04,202,107,31,64,0.5297,0.1535,0,
2025-03-05,214,110,45,59,0.514,0.2103,0,
2025-03-06,200,118,25,57,0.59,0.125,0,
2025-03-07,183,79,36,68,0.4317,0.1967,0,
2025-03-08,110,60,15,35,0.5455,0.1364,0,
2025-03-09,130,54,27,49,0.4154,0.2077,0,
2025-03-10,219,85,66,68,0.3881,0.3014,0,
2025-03-11,193,83,46,64,0.4301,0.2383,0,
2025-03-12,194,77,47,70,0.3969,0.2423,0,
2025-03-13,183,85,48,50,0.4645,0.2623,0,
2025-03-14,152,70,35,47,0.4605,0.2303,0,
2025-03-15,138,66,31,41,0.4783,0.2246,0,
2025-03-16,104,53,23,28,0.5096,0.2212,0,
2025-03-17,180,77,54,49,0.4278,0.3,0,
2025-03-18,177,81,37,59,0.4576,0.209,0,
2025-03-19,148,72,36,40,0.4865,0.2432,0,
2025-03-20,146,61,43,42,0.4178,0.2945,0,
2025-03-21,129,59,34,36,0.4574,0.2636,0,
2025-03-22,113,62,19,32,0.5487,0.1681,0,
2025-03-23,78,37,20,21,0.4744,0.2564,0,
2025-03-24,134,64,34,36,0.4776,0.2537,0,
2025-03-25,137,55,35,47,0.4015,0.2555,0,
2025-03-26,133,61,27,45,0.4586,0.203,0,
2025-03-27,96,48,18,30,0.5,0.1875,0,
2025-03-28,83,38,19,26,0.4578,0.2289,0,
2025-03-29,67,41,7,19,0.6119,0.1045,0,
2025-03-30,56,34,6,16,0.6071,0.1071,0,
2025-03-31,53,32,12,9,0.6038,0.2264,0,
2025-04-01,80,38,17,25,0.475,0.2125,0,
2025-04-02,75,38,18,19,0.5067,0.24,0,
2025-04-03,96,47,15,34,0.4896,0.1562,0,
2025-04-04,117,60,21,36,0.5128,0.1795,0,
2025-04-05,86,49,8,29,0.5698,0.093,0,
2025-04-06,82,45,13,24,0.5488,0.1585,0,
2025-04-07,158,82,31,45,0.519,0.1962,0,
2025-04-08,210,94,47,69,0.4476,0.2238,0,
2025-04-09,224,116,44,64,0.5179,0.1964,0,
2025-04-10,187,89,38,60,0.4759,0.2032,0,
2025-04-11,185,108,30,47,0.5838,0.1622,0,
2025-04-12,123,66,24,33,0.5366,0.1951,0,
2025-04-13,96,39,22,35,0.4062,0.2292,0,
2025-04-14,202,85,55,62,0.4208,0.2723,0,
2025-04-15,225,127,41,57,0.5644,0.1822,0,
2025-04-16,193,92,47,54,0.4767,0.2435,0,
2025-04-17,169,78,39,52,0.4615,0.2308,0,
2025-04-18,99,42,27,30,0.4242,0.2727,0,
2025-04-19,118,62,19,37,0.5254,0.161,0,
2025-04-20,96,45,19,32,0.4688,0.1979,0,
2025-04-21,172,84,35,53,0.4884,0.2035,0,
2025-04-22,157,78,34,45,0.4968,0.2166,0,
2025-04-23,175,90,35,50,0.5143,0.2,0,
2025-04-24,177,98,36,43,0.5537,0.2034,0,
2025-04-25,179,94,38,47,0.5251,0.2123,0,
2025-04-26,152,66,42,44,0.4342,0.2763,0,
2025-04-27,116,64,21,31,0.5517,0.181,0,
2025-04-28,209,119,34,56,0.5694,0.1627,0,
2025-04-29,205,108,36,61,0.5268,0.1756,0,
2025-04-30,174,89,29,56,0.5115,0.1667,0,
2025-05-01,153,64,47,42,0.4183,0.3072,0,
2025-05-02,168,75,38,55,0.4464,0.2262,0,
2025-05-03,145,77,30,38,0.531,0.2069,0,
2025-05-04,108,55,21,32,0.5093,0.1944,0,
2025-05-05,220,101,54,65,0.4591,0.2455,0,
2025-05-06,205,95,40,70,0.4634,0.1951,0,
2025-05-07,202,93,50,59,0.4604,0.2475,0,
2025-05-08,212,105,52,55,0.4953,0.2453,0,
2025-05-09,166,85,31,50,0.512,0.1867,0,
2025-05-10,113,54,30,29,0.4779,0.2655,0,
2025-05-11,97,41,30,26,0.4227,0.3093,0,
2025-05-12,125,61,23,41,0.488,0.184,0,
2025-05-13,161,75,42,44,0.4658,0.2609,0,
2025-05-14,220,88,56,76,0.4,0.2545,0,
2025-05-15,230,114,46,70,0.4957,0.2,0,
2025-05-16,168,83,35,50,0.494,0.2083,0,
2025-05-17,152,71,44,37,0.4671,0.2895,0,
2025-05-18,119,44,27,48,0.3697,0.2269,0,
2025-05-19,202,108,41,53,0.5347,0.203,0,
2025-05-20,229,111,49,69,0.4847,0.214,0,
2025-05-21,192,79,42,71,0.4115,0.2188,0,
2025-05-22,184,80,48,56,0.4348,0.2609,0,
2025-05-23,203,82,60,61,0.4039,0.2956,0,
2025-05-24,132,49,37,46,0.3712,0.2803,0,
2025-05-25,111,57,27,27,0.5135,0.2432,0,
2025-05-26,186,83,35,68,0.4462,0.1882,0,
2025-05-27,220,92,63,65,0.4182,0.2864,0,
2025-05-28,170,92,35,43,0.5412,0.2059,0,
2025-05-29,139,62,37,40,0.446,0.2662,0,
2025-05-30,130,60,33,37,0.4615,0.2538,0,
2025-05-31,148,62,39,47,0.4189,0.2635,0,
2025-06-01,317,77,149,91,0.2429,0.47,0,
2025-06-02,254,112,63,79,0.4409,0.248,0,
2025-06-03,236,97,66,73,0.411,0.2797,0,
2025-06-04,203,85,50,68,0.4187,0.2463,0,
2025-06-05,140,57,37,46,0.4071,0.2643,0,
2025-06-06,106,46,22,38,0.434,0.2075,0,
2025-06-07,117,57,29,31,0.4872,0.2479,0,
2025-06-08,107,49,30,28,0.4579,0.2804,0,
2025-06-09,147,73,26,48,0.4966,0.1769,0,
2025-06-10,261,101,80,80,0.387,0.3065,0,
2025-06-11,212,86,46,80,0.4057,0.217,0,
2025-06-12,179,88,42,49,0.4916,0.2346,0,
2025-06-13,182,90,33,59,0.4945,0.1813,0,
2025-06-14,141,73,31,37,0.5177,0.2199,0,
2025-06-15,110,58,26,26,0.5273,0.2364,0,
2025-06-16,209,78,55,76,0.3732,0.2632,0,
2025-06-17,194,95,40,59,0.4897,0.2062,0,
2025-06-18,194,85,55,54,0.4381,0.2835,0,
2025-06-19,183,95,43,45,0.5191,0.235,0,
2025-06-20,160,71,37,52,0.4437,0.2313,0,
2025-06-21,121,52,30,39,0.4298,0.2479,0,
2025-06-22,101,55,17,29,0.5446,0.1683,0,
2025-06-23,203,100,41,62,0.4926,0.202,0,
2025-06-24,198,108,36,54,0.5455,0.1818,0,
2025-06-25,201,98,38,65,0.4876,0.1891,0,
2025-06-26,176,86,29,61,0.4886,0.1648,0,
2025-06-27,148,78,22,48,0.527,0.1486,0,
2025-06-28,147,76,25,46,0.517,0.1701,0,
2025-06-29,119,58,24,37,0.4874,0.2017,0,
2025-06-30,264,99,87,78,0.375,0.3295,0,
2025-07-01,339,154,91,94,0.4543,0.2684,0,
2025-07-02,195,109,18,68,0.559,0.0923,0,
2025-07-03,200,120,21,59,0.6,0.105,0,
2025-07-04,176,106,22,48,0.6023,0.125,0,
2025-07-05,146,91,15,40,0.6233,0.1027,0,
2025-07-06,115,59,20,36,0.513,0.1739,0,
2025-07-07,206,128,28,50,0.6214,0.1359,0,
2025-07-08,217,120,41,56,0.553,0.1889,0,
2025-07-09,205,127,26,52,0.6195,0.1268,0,
2025-07-10,174,107,25,42,0.6149,0.1437,0,
2025-07-11,190,102,28,60,0.5368,0.1474,0,
2025-07-12,171,60,59,52,0.3509,0.345,0,
2025-07-13,84,50,11,23,0.5952,0.131,0,
2025-07-14,156,102,24,30,0.6538,0.1538,0,
2025-07-15,201,92,38,71,0.4577,0.1891,0,
2025-07-16,167,83,32,52,0.497,0.1916,0,
2025-07-17,203,85,44,74,0.4187,0.2167,0,
2025-07-18,184,94,42,48,0.5109,0.2283,0,
2025-07-19,161,68,36,57,0.4224,0.2236,0,
2025-07-20,127,62,31,34,0.4882,0.2441,0,
2025-07-21,229,79,67,83,0.345,0.2926,0,
2025-07-22,227,107,46,74,0.4714,0.2026,0,
2025-07-23,225,107,43,75,0.4756,0.1911,0,
2025-07-24,202,112,35,55,0.5545,0.1733,0,
2025-07-25,167,90,30,47,0.5389,0.1796,0,
2025-07-26,164,87,28,49,0.5305,0.1707,0,
2025-07-27,119,60,22,37,0.5042,0.1849,0,
2025-07-28,208,130,22,56,0.625,0.1058,0,
2025-07-29,179,113,18,48,0.6313,0.1006,0,
2025-07-30,181,113,18,50,0.6243,0.0994,0,
2025-07-31,332,101,122,109,0.3042,0.3675,0,
2025-08-01,262,90,92,80,0.3435,0.3511,0,
2025-08-02,121,67,18,36,0.5537,0.1488,0,
2025-08-03,115,66,16,33,0.5739,0.1391,0,
2025-08-04,174,92,31,51,0.5287,0.1782,0,
2025-08-05,147,86,24,37,0.585,0.1633,0,
2025-08-06,164,97,23,44,0.5915,0.1402,0,
2025-08-07,139,78,22,39,0.5612,0.1583,0,
2025-08-08,145,66,24,55,0.4552,0.1655,0,
2025-08-09,124,70,22,32,0.5645,0.1774,0,
2025-08-10,83,38,18,27,0.4578,0.2169,0,
2025-08-11,165,94,16,55,0.5697,0.097,0,
2025-08-12,144,90,21,33,0.625,0.1458,0,
2025-08-13,133,81,20,32,0.609,0.1504,0,
2025-08-14,95,52,11,32,0.5474,0.1158,0,
2025-08-15,100,45,22,33,0.45,0.22,0,
2025-08-16,79,40,18,21,0.5063,0.2278,0,
2025-08-17,60,34,11,15,0.5667,0.1833,0,
2025-08-18,85,32,21,32,0.3765,0.2471,0,
2025-08-19,135,65,29,41,0.4815,0.2148,0,
2025-08-20,112,64,14,34,0.5714,0.125,0,
2025-08-21,113,65,18,30,0.5752,0.1593,0,
2025-08-22,134,72,29,33,0.5373,0.2164,0,
2025-08-23,101,56,22,23,0.5545,0.2178,0,
2025-08-24,76,42,11,23,0.5526,0.1447,0,
2025-08-25,142,72,24,46,0.507,0.169,0,
2025-08-26,129,80,18,31,0.6202,0.1395,0,
2025-08-27,117,66,18,33,0.5641,0.1538,0,
2025-08-28,118,68,15,35,0.5763,0.1271,0,
2025-08-29,110,61,16,33,0.5545,0.1455,0,
2025-08-30,91,55,10,26,0.6044,0.1099,0,
2025-08-31,72,36,16,20,0.5,0.2222,0,
2025-09-01,161,74,38,49,0.4596,0.236,0,
2025-09-02,192,106,34,52,0.5521,0.1771,0,
2025-09-03,182,95,22,65,0.522,0.1209,0,
2025-09-04,168,85,31,52,0.506,0.1845,0,
2025-09-05,119,57,24,38,0.479,0.2017,0,
2025-09-06,105,52,11,42,0.4952,0.1048,0,
2025-09-07,92,42,15,35,0.4565,0.163,0,
2025-09-08,194,101,31,62,0.5206,0.1598,0,
2025-09-09,151,72,32,47,0.4768,0.2119,0,
2025-09-10,150,76,23,51,0.5067,0.1533,0,
2025-09-11,166,95,24,47,0.5723,0.1446,0,
2025-09-12,129,78,19,32,0.6047,0.1473,0,
2025-09-13,131,81,21,29,0.6183,0.1603,0,
2025-09-14,109,62,16,31,0.5688,0.1468,0,
2025-09-15,170,74,28,68,0.4353,0.1647,0,
2025-09-16,173,101,23,49,0.5838,0.1329,0,
2025-09-17,170,89,22,59,0.5235,0.1294,0,
2025-09-18,158,72,37,49,0.4557,0.2342,0,
2025-09-19,138,70,23,45,0.5072,0.1667,0,
2025-09-20,99,51,11,37,0.5152,0.1111,0,
2025-09-21,80,45,16,19,0.5625,0.2,0,
2025-09-22,197,98,40,59,0.4975,0.203,0,
2025-09-23,145,76,18,51,0.5241,0.1241,0,
2025-09-24,134,76,16,42,0.5672,0.1194,0,
2025-09-25,149,86,20,43,0.5772,0.1342,0,
2025-09-26,121,64,23,34,0.5289,0.1901,0,
2025-09-27,88,50,13,25,0.5682,0.1477,0,
2025-09-28,86,39,17,30,0.4535,0.1977,0,
2025-09-29,149,75,27,47,0.5034,0.1812,0,
2025-09-30,216,83,60,73,0.3843,0.2778,0,
2025-10-01,225,120,48,57,0.5333,0.2133,0,
2025-10-02,128,62,19,47,0.4844,0.1484,0,
2025-10-03,163,82,36,45,0.5031,0.2209,0,
2025-10-04,119,59,22,38,0.4958,0.1849,0,
2025-10-05,97,36,19,42,0.3711,0.1959,0,
2025-10-06,206,85,66,55,0.4126,0.3204,0,
2025-10-07,180,81,57,42,0.45,0.3167,0,
2025-10-08,171,86,38,47,0.5029,0.2222,0,
2025-10-09,161,67,35,59,0.4161,0.2174,0,
2025-10-10,157,67,42,48,0.4268,0.2675,0,
2025-10-11,130,53,36,41,0.4077,0.2769,0,
2025-10-12,107,46,30,31,0.4299,0.2804,0,
2025-10-13,227,88,74,65,0.3877,0.326,0,
2025-10-14,161,68,44,49,0.4224,0.2733,0,
2025-10-15,217,75,77,65,0.3456,0.3548,0,
2025-10-16,487,128,204,155,0.2628,0.4189,0,
2025-10-17,138,57,41,40,0.413,0.2971,0,
2025-10-18,123,48,28,47,0.3902,0.2276,0,
2025-10-19,94,43,23,28,0.4574,0.2447,0,
2025-10-20,183,90,44,49,0.4918,0.2404,0,
2025-10-21,182,89,47,46,0.489,0.2582,0,
2025-10-22,153,88,30,35,0.5752,0.1961,0,
2025-10-23,143,48,35,60,0.3357,0.2448,0,
2025-10-24,146,76,33,37,0.5205,0.226,0,
2025-10-25,121,67,19,35,0.5537,0.157,0,
2025-10-26,104,49,23,32,0.4712,0.2212,0,
2025-10-27,157,81,34,42,0.5159,0.2166,0,
2025-10-28,146,84,22,40,0.5753,0.1507,0,
2025-10-29,150,86,25,39,0.5733,0.1667,0,
2025-10-30,159,87,26,46,0.5472,0.1635,0,
2025-10-31,156,65,51,40,0.4167,0.3269,0,
2025-11-01,133,62,29,42,0.4662,0.218,0,
2025-11-02,119,69,21,29,0.5798,0.1765,0,
2025-11-03,424,95,205,124,0.2241,0.4835,0,
2025-11-04,239,95,70,74,0.3975,0.2929,0,
2025-11-05,165,106,26,33,0.6424,0.1576,0,
2025-11-06,145,73,34,38,0.5034,0.2345,0,
2025-11-07,133,63,26,44,0.4737,0.1955,0,
2025-11-08,120,59,19,42,0.4917,0.1583,0,
2025-11-09,88,43,15,30,0.4886,0.1705,0,
2025-11-10,154,80,29,45,0.5195,0.1883,0,
2025-11-11,135,70,34,31,0.5185,0.2519,0,
2025-11-12,161,87,21,53,0.5404,0.1304,0,
2025-11-13,150,81,24,45,0.54,0.16,0,
2025-11-14,120,67,22,31,0.5583,0.1833,0,
2025-11-15,101,48,20,33,0.4752,0.198,0,
2025-11-16,81,41,17,23,0.5062,0.2099,0,
2025-11-17,170,90,40,40,0.5294,0.2353,0,
2025-11-18,155,67,41,47,0.4323,0.2645,0,
2025-11-19,142,81,25,36,0.5704,0.1761,0,
2025-11-20,122,63,22,37,0.5164,0.1803,0,
2025-11-21,141,79,25,37,0.5603,0.1773,0,
2025-11-22,131,64,26,41,0.4885,0.1985,0,
2025-11-23,94,53,18,23,0.5638,0.1915,0,
2025-11-24,201,91,59,51,0.4527,0.2935,0,
2025-11-25,146,80,21,45,0.5479,0.1438,0,
2025-11-26,140,70,22,48,0.5,0.1571,0,
2025-11-27,138,71,27,40,0.5145,0.1957,0,
2025-11-28,111,72,18,21,0.6486,0.1622,0,
2025-11-29,102,49,17,36,0.4804,0.1667,0,
2025-11-30,133,61,37,35,0.4586,0.2782,0,
2025-12-01,262,102,84,76,0.3893,0.3206,0,
2025-12-02,145,74,30,41,0.5103,0.2069,0,
2025-12-03,135,80,18,37,0.5926,0.1333,0,
2025-12-04,125,66,28,31,0.528,0.224,0,
2025-12-05,105,53,13,39,0.5048,0.1238,0,
2025-12-06,96,57,10,29,0.5938,0.1042,0,
2025-12-07,78,35,14,29,0.4487,0.1795,0,
2025-12-08,210,93,53,64,0.4429,0.2524,0,
2025-12-09,157,65,47,45,0.414,0.2994,0,
2025-12-10,148,79,33,36,0.5338,0.223,0,
2025-12-11,139,84,26,29,0.6043,0.1871,0,
2025-12-12,112,57,20,35,0.5089,0.1786,0,
2025-12-13,92,59,10,23,0.6413,0.1087,0,
2025-12-14,67,48,6,13,0.7164,0.0896,0,
2025-12-15,121,63,20,38,0.5207,0.1653,0,
2025-12-16,121,61,22,38,0.5041,0.1818,0,
2025-12-17,105,58,17,30,0.5524,0.1619,0,
2025-12-18,94,58,18,18,0.617,0.1915,0,
2025-12-19,87,43,15,29,0.4943,0.1724,0,
2025-12-20,93,53,17,23,0.5699,0.1828,0,
2025-12-21,71,39,6,26,0.5493,0.0845,0,
2025-12-22,118,70,17,31,0.5932,0.1441,0,
2025-12-23,139,87,26,26,0.6259,0.1871,0,
2025-12-24,106,63,17,26,0.5943,0.1604,0,
2025-12-25,68,37,15,16,0.5441,0.2206,0,
2025-12-26,70,45,12,13,0.6429,0.1714,0,
2025-12-27,73,51,6,16,0.6986,0.0822,0,
2025-12-28,76,48,8,20,0.6316,0.1053,0,
2025-12-29,137,81,20,36,0.5912,0.146,0,
2025-12-30,141,86,12,43,0.6099,0.0851,0,
2025-12-31,85,45,20,20,0.5294,0.2353,0,
2026-01-01,81,39,10,32,0.4815,0.1235,0,
2026-01-02,114,70,19,25,0.614,0.1667,0,
2026-01-03,120,57,30,33,0.475,0.25,0,
2026-01-04,87,36,26,25,0.4138,0.2989,0,
2026-01-05,443,86,214,143,0.1941,0.4831,0,
2026-01-06,177,107,15,55,0.6045,0.0847,0,
2026-01-07,143,82,22,39,0.5734,0.1538,0,
2026-01-08,157,91,26,40,0.5796,0.1656,0,
2026-01-09,121,65,16,40,0.5372,0.1322,0,
2026-01-10,103,56,14,33,0.5437,0.1359,0,
2026-01-11,94,58,14,22,0.617,0.1489,0,
2026-01-12,122,66,16,40,0.541,0.1311,0,
2026-01-13,138,77,30,31,0.558,0.2174,0,
2026-01-14,103,65,14,24,0.6311,0.1359,0,
2026-01-15,109,65,17,27,0.5963,0.156,0,
2026-01-16,94,52,21,21,0.5532,0.2234,0,
2026-01-17,108,63,13,32,0.5833,0.1204,0,
2026-01-18,60,32,6,22,0.5333,0.1,0,
2026-01-19,134,79,18,37,0.5896,0.1343,0,
2026-01-20,126,77,15,34,0.6111,0.119,0,
2026-01-21,114,75,11,28,0.6579,0.0965,0,
2026-01-22,111,52,18,41,0.4685,0.1622,0,
2026-01-23,104,55,19,30,0.5288,0.1827,0,
2026-01-24,95,64,9,22,0.6737,0.0947,0,
2026-01-25,89,53,12,24,0.5955,0.1348,0,
2026-01-26,167,90,22,55,0.5389,0.1317,0,
2026-01-27,127,59,23,45,0.4646,0.1811,0,
2026-01-28,117,70,19,28,0.5983,0.1624,0,
2026-01-29,103,57,16,30,0.5534,0.1553,0,
2026-01-30,108,66,18,24,0.6111,0.1667,0,
2026-01-31,138,45,47,46,0.3261,0.3406,0,
2026-02-01,238,49,114,75,0.2059,0.479,0,
2026-02-02,230,87,68,75,0.3783,0.2957,0,
2026-02-03,169,77,26,66,0.4556,0.1538,0,
2026-02-04,182,107,30,45,0.5879,0.1648,0,
2026-02-05,184,86,38,60,0.4674,0.2065,0,
2026-02-06,191,101,44,46,0.5288,0.2304,0,
2026-02-07,151,65,36,50,0.4305,0.2384,0,
2026-02-08,116,54,23,39,0.4655,0.1983,0,
2026-02-09,168,71,33,64,0.4226,0.1964,0,
2026-02-10,186,99,31,56,0.5323,0.1667,0,
2026-02-11,172,82,35,55,0.4767,0.2035,0,
2026-02-12,148,75,30,43,0.5068,0.2027,0,
2026-02-13,142,80,30,32,0.5634,0.2113,0,
2026-02-14,97,48,19,30,0.4948,0.1959,0,
2026-02-15,97,47,25,25,0.4845,0.2577,0,
2026-02-16,95,57,13,25,0.6,0.1368,0,
2026-02-17,86,40,18,28,0.4651,0.2093,0,
2026-02-18,238,65,105,68,0.2731,0.4412,0,
2026-02-19,118,60,21,37,0.5085,0.178,0,
2026-02-20,128,67,28,33,0.5234,0.2188,0,
2026-02-21,100,49,24,27,0.49,0.24,0,
2026-02-22,110,71,16,23,0.6455,0.1455,0,
2026-02-23,170,107,17,46,0.6294,0.1,0,
2026-02-24,151,96,16,39,0.6358,0.106,0,
2026-02-25,175,96,25,54,0.5486,0.1429,0,
2026-02-26,157,95,19,43,0.6051,0.121,0,
2026-02-27,131,77,14,40,0.5878,0.1069,0,
2026-02-28,156,77,36,43,0.4936,0.2308,0,
2026-03-01,126,66,27,33,0.5238,0.2143,0,
2026-03-02,142,86,20,36,0.6056,0.1408,0,
2026-03-03,159,92,25,42,0.5786,0.1572,0,
2026-03-04,121,72,14,35,0.595,0.1157,0,
2026-03-05,119,68,16,35,0.5714,0.1345,0,
2026-03-06,120,64,23,33,0.5333,0.1917,0,
2026-03-07,94,44,20,30,0.4681,0.2128,0,
2026-03-08,91,42,16,33,0.4615,0.1758,0,
2026-03-09,121,55,26,40,0.4545,0.2149,0,
2026-03-10,137,60,32,45,0.438,0.2336,0,
2026-03-11,108,57,19,32,0.5278,0.1759,0,
2026-03-12,121,70,20,31,0.5785,0.1653,0,
2026-03-13,100,39,27,34,0.39,0.27,0,
2026-03-14,78,32,20,26,0.4103,0.2564,0,
2026-03-15,69,36,11,22,0.5217,0.1594,0,
2026-03-16,111,44,27,40,0.3964,0.2432,0,
2026-03-17,80,40,16,24,0.5,0.2,0,
2026-03-18,61,39,8,14,0.6393,0.1311,0,
2026-03-19,40,21,6,13,0.525,0.15,0,
2026-03-20,46,26,6,14,0.5652,0.1304,0,
2026-03-21,38,24,5,9,0.6316,0.1316,0,
2026-03-22,40,20,9,11,0.5,0.225,0,
2026-03-23,76,36,19,21,0.4737,0.25,0,
2026-03-24,98,44,20,34,0.449,0.2041,0,
2026-03-25,137,58,31,48,0.4234,0.2263,0,
2026-03-26,43,22,9,12,0.5116,0.2093,0,
2026-03-27,40,20,8,12,0.5,0.2,0,
2026-03-28,113,55,29,29,0.4867,0.2566,0,
2026-03-29,117,57,22,38,0.4872,0.188,0,
2026-03-30,184,90,42,52,0.4891,0.2283,0,
2026-03-31,246,110,68,68,0.4472,0.2764,0,
2026-04-01,244,123,47,74,0.5041,0.1926,0,
2026-04-02,167,76,39,52,0.4551,0.2335,0,
2026-04-03,105,48,22,35,0.4571,0.2095,0,
2026-04-04,112,61,22,29,0.5446,0.1964,0,
2026-04-05,110,47,25,38,0.4273,0.2273,0,
2026-04-06,176,78,50,48,0.4432,0.2841,0,
2026-04-07,183,88,33,62,0.4809,0.1803,0,
2026-04-08,151,68,35,48,0.4503,0.2318,0,
2026-04-09,159,70,46,43,0.4403,0.2893,0,
2026-04-10,133,57,32,44,0.4286,0.2406,0,
2026-04-11,149,54,47,48,0.3624,0.3154,0,
2026-04-12,105,48,20,37,0.4571,0.1905,0,
2026-04-13,182,85,44,53,0.467,0.2418,0,
2026-04-14,180,86,34,60,0.4778,0.1889,0,
2026-04-15,167,77,30,60,0.4611,0.1796,0,
2026-04-16,146,72,32,42,0.4932,0.2192,0,
2026-04-17,162,79,32,51,0.4877,0.1975,0,
2026-04-18,110,59,23,28,0.5364,0.2091,0,
2026-04-19,107,60,18,29,0.5607,0.1682,0,
2026-04-20,181,89,37,55,0.4917,0.2044,0,
2026-04-21,179,84,42,53,0.4693,0.2346,0,
2026-04-22,201,103,45,53,0.5124,0.2239,0,
2026-04-23,183,90,38,55,0.4918,0.2077,0,
2026-04-24,146,79,25,42,0.5411,0.1712,0,
2026-04-25,132,73,31,28,0.553,0.2348,0,
2026-04-26,120,66,21,33,0.55,0.175,0,
2026-04-27,183,89,39,55,0.4863,0.2131,0,
2026-04-28,170,78,39,53,0.4588,0.2294,0,
2026-04-29,194,91,40,63,0.4691,0.2062,0,
2026-04-30,211,91,60,60,0.4313,0.2844,0,
2026-05-01,160,68,45,47,0.425,0.2812,0,
2026-05-02,132,67,29,36,0.5076,0.2197,0,
2026-05-03,136,60,36,40,0.4412,0.2647,0,
2026-05-04,230,107,58,65,0.4652,0.2522,0,
2026-05-05,224,111,39,74,0.4955,0.1741,0,
2026-05-06,258,116,67,75,0.4496,0.2597,0,
2026-05-07,200,95,47,58,0.475,0.235,0,
2026-05-08,252,104,68,80,0.4127,0.2698,0,
2026-05-09,145,76,34,35,0.5241,0.2345,0,
2026-05-10,136,64,32,40,0.4706,0.2353,0,
2026-05-11,236,107,59,70,0.4534,0.25,0,
2026-05-12,204,79,60,65,0.3873,0.2941,0,
2026-05-13,195,84,66,45,0.4308,0.3385,0,
2026-05-14,139,55,44,40,0.3957,0.3165,0,
2026-05-15,170,61,51,58,0.3588,0.3,0,
2026-05-16,139,68,32,39,0.4892,0.2302,0,
2026-05-17,131,69,24,38,0.5267,0.1832,0,
2026-05-18,247,102,77,68,0.413,0.3117,0,
2026-05-19,227,107,55,65,0.4714,0.2423,0,
2026-05-20,194,83,49,62,0.4278,0.2526,0,
2026-05-21,162,70,39,53,0.4321,0.2407,0,
2026-05-22,151,55,43,53,0.3642,0.2848,0,
2026-05-23,103,48,21,34,0.466,0.2039,0,
2026-05-24,78,41,17,20,0.5256,0.2179,0,
2026-05-25,142,65,24,53,0.4577,0.169,0,
2026-05-26,100,50,22,28,0.5,0.22,0,
2026-05-27,84,43,22,19,0.5119,0.2619,0,
2026-05-28,106,43,27,36,0.4057,0.2547,0,
2026-05-29,122,58,37,27,0.4754,0.3033,0,
2026-05-30,110,55,20,35,0.5,0.1818,0,
2026-05-31,144,60,37,47,0.4167,0.2569,0,
2026-06-01,123,55,23,45,0.4472,0.187,0,
2026-06-02,179,68,48,63,0.3799,0.2682,0,
2026-06-03,159,68,48,43,0.4277,0.3019,0,
2026-06-04,170,67,44,59,0.3941,0.2588,0,
2026-06-05,132,60,29,43,0.4545,0.2197,0,
2026-06-06,101,36,29,36,0.3564,0.2871,0,
2026-06-07,78,35,22,21,0.4487,0.2821,0,
2026-06-08,137,65,33,39,0.4745,0.2409,0,
2026-06-09,141,62,35,44,0.4397,0.2482,0,
2026-06-10,130,61,32,37,0.4692,0.2462,0,
2026-06-11,152,70,39,43,0.4605,0.2566,0,
2026-06-12,129,62,30,37,0.4806,0.2326,0,
2026-06-13,99,55,17,27,0.5556,0.1717,0,
2026-06-14,87,40,22,25,0.4598,0.2529,0,
2026-06-15,106,45,26,35,0.4245,0.2453,0,
2026-06-16,91,42,23,26,0.4615,0.2527,0,
2026-06-17,128,52,48,28,0.4062,0.375,0,
2026-06-18,131,62,29,40,0.4733,0.2214,0,
2026-06-19,132,62,32,38,0.4697,0.2424,0,
2026-06-20,94,41,18,35,0.4362,0.1915,0,
2026-06-21,90,45,19,26,0.5,0.2111,0,
2026-06-22,127,59,36,32,0.4646,0.2835,0,
2026-06-23,139,45,39,55,0.3237,0.2806,0,
2026-06-24,188,83,53,52,0.4415,0.2819,0,
2026-06-25,155,82,38,35,0.529,0.2452,0,
2026-06-26,132,66,30,36,0.5,0.2273,0,
2026-06-27,123,63,26,34,0.5122,0.2114,0,
2026-06-28,100,52,19,29,0.52,0.19,0,
2026-06-29,173,68,54,51,0.3931,0.3121,0,
2026-06-30,222,56,96,70,0.2523,0.4324,0,
2026-07-01,212,80,74,58,0.3774,0.3491,0,
2026-07-02,137,68,30,39,0.4964,0.219,0,
2026-07-03,136,64,36,36,0.4706,0.2647,0,
2026-07-04,113,43,43,27,0.3805,0.3805,0,
2026-07-05,87,34,26,27,0.3908,0.2989,0,
2026-07-06,188,66,56,66,0.3511,0.2979,0,
2026-07-07,161,70,36,55,0.4348,0.2236,0,
2026-07-08,149,58,42,49,0.3893,0.2819,0,
2026-07-09,136,64,36,36,0.4706,0.2647,0,
2026-07-10,117,60,27,30,0.5128,0.2308,0,
2026-07-11,67,23,27,17,0.3433,0.403,0,
2026-07-12,75,33,14,28,0.44,0.1867,0,
2026-07-13,131,59,34,38,0.4504,0.2595,0,
2026-07-14,136,77,28,31,0.5662,0.2059,0,
2026-07-15,118,60,24,34,0.5085,0.2034,0,
2026-07-16,135,67,30,38,0.4963,0.2222,0,
2026-07-17,122,51,29,42,0.418,0.2377,0,
2026-07-18,90,40,23,27,0.4444,0.2556,0,
2026-07-19,79,40,15,24,0.5063,0.1899,0,
2026-07-20,169,65,51,53,0.3846,0.3018,0,
2026-07-21,143,60,44,39,0.4196,0.3077,0,
2026-07-22,132,63,28,41,0.4773,0.2121,0,
2026-07-23,114,56,22,36,0.4912,0.193,0,
2026-07-24,108,57,20,31,0.5278,0.1852,0,
2026-07-25,102,42,21,39,0.4118,0.2059,0,
2026-07-26,85,39,21,25,0.4588,0.2471,0,
2026-07-27,142,68,34,40,0.4789,0.2394,0,
2026-07-28,169,78,38,53,0.4615,0.2249,0,
2026-07-29,148,75,28,45,0.5068,0.1892,0,
2026-07-30,165,66,40,59,0.4,0.2424,0,
2026-07-31,187,72,61,54,0.385,0.3262,0,
2026-08-01,125,50,29,46,0.4,0.232,0,
2026-08-02,105,33,30,42,0.3143,0.2857,0,
2026-08-03,171,72,46,53,0.4211,0.269,0,
2026-08-04,176,66,63,47,0.375,0.358,0,
2026-08-05,157,60,48,49,0.3822,0.3057,0,
2026-08-06,166,66,48,52,0.3976,0.2892,0,
2026-08-07,154,57,49,48,0.3701,0.3182,0,
2026-08-08,76,34,17,25,0.4474,0.2237,0,
2026-08-09,62,28,14,20,0.4516,0.2258,0,
2026-08-10,138,62,33,43,0.4493,0.2391,0,
2026-08-11,112,53,32,27,0.4732,0.2857,0,
2026-08-12,120,57,26,37,0.475,0.2167,0,
2026-08-13,131,63,40,28,0.4809,0.3053,0,
2026-08-14,94,41,25,28,0.4362,0.266,0,
2026-08-15,91,42,13,36,0.4615,0.1429,0,
2026-08-16,61,32,13,16,0.5246,0.2131,0,
2026-08-17,77,31,20,26,0.4026,0.2597,0,
2026-08-18,149,54,55,40,0.3624,0.3691,0,
2026-08-19,129,54,30,45,0.4186,0.2326,0,
2026-08-20,103,53,30,20,0.5146,0.2913,0,
2026-08-21,99,50,20,29,0.5051,0.202,0,
2026-08-22,118,60,36,22,0.5085,0.3051,0,
2026-08-23,80,41,15,24,0.5125,0.1875,0,
2026-08-24,128,58,33,37,0.4531,0.2578,0,
2026-08-25,102,40,30,32,0.3922,0.2941,0,
2026-08-26,168,74,47,47,0.4405,0.2798,0,
2026-08-27,213,70,79,64,0.3286,0.3709,0,
2026-08-28,187,64,54,69,0.3422,0.2888,0,
2026-08-29,104,39,36,29,0.375,0.3462,0,
2026-08-30,103,47,26,30,0.4563,0.2524,0,
2026-08-31,312,74,141,97,0.2372,0.4519,0,
2026-09-01,179,70,58,51,0.3911,0.324,0,
2026-09-02,167,81,43,43,0.485,0.2575,0,
2026-09-03,147,83,36,28,0.5646,0.2449,0,
2026-09-04,94,44,26,24,0.4681,0.2766,0,
2026-09-05,112,48,32,32,0.4286,0.2857,0,
2026-09-06,88,42,19,27,0.4773,0.2159,0,
2026-09-07,340,72,169,99,0.2118,0.4971,0,
2026-09-08,142,57,36,49,0.4014,0.2535,0,
2026-09-09,158,77,33,48,0.4873,0.2089,0,
2026-09-10,130,53,37,40,0.4077,0.2846,0,
2026-09-11,111,40,32,39,0.3604,0.2883,0,
2026-09-12,91,45,23,23,0.4945,0.2527,0,
2026-09-13,118,40,49,29,0.339,0.4153,0,
2026-09-14,264,63,107,94,0.2386,0.4053,0,
2026-09-15,145,61,44,40,0.4207,0.3034,0,
2026-09-16,352,82,160,110,0.233,0.4545,0,
2026-09-17,167,71,55,41,0.4251,0.3293,0,
2026-09-18,123,59,25,39,0.4797,0.2033,0,
2026-09-19,80,34,16,30,0.425,0.2,0,
2026-09-20,107,41,32,34,0.3832,0.2991,0,
2026-09-21,148,54,50,44,0.3649,0.3378,0,
2026-09-22,140,79,20,41,0.5643,0.1429,0,
2026-09-23,142,70,35,37,0.493,0.2465,0,
2026-09-24,139,69,30,40,0.4964,0.2158,0,
2026-09-25,101,47,20,34,0.4653,0.198,0,
2026-09-26,82,41,18,23,0.5,0.2195,0,
2026-09-27,86,48,12,26,0.5581,0.1395,0,
2026-09-28,165,79,39,47,0.4788,0.2364,0,
2026-09-29,129,71,24,34,0.5504,0.186,0,
2026-09-30,209,73,71,65,0.3493,0.3397,0,
2026-10-01,146,71,32,43,0.4863,0.2192,0,
2026-10-02,113,62,23,28,0.5487,0.2035,0,
2026-10-03,104,50,23,31,0.4808,0.2212,0,
2026-10-04,87,37,17,33,0.4253,0.1954,0,
2026-10-05,154,75,41,38,0.487,0.2662,0,
2026-10-06,126,68,22,36,0.5397,0.1746,0,
2026-10-07,125,63,29,33,0.504,0.232,0,
2026-10-08,124,63,40,21,0.5081,0.3226,0,
2026-10-09,2,1,1,0,0.5,0.5,0,
