bulan,total,positif,negatif,netral,pos_ratio,neg_ratio
2025-01,6640,2888,1798,1954,0.4349,0.2708
2025-02,5644,2265,1725,1654,0.4013,0.3056
2025-03,4564,2141,1022,1401,0.4691,0.2239
2025-04,4537,2292,915,1330,0.5052,0.2017
2025-05,5210,2398,1242,1570,0.4603,0.2384
2025-06,5330,2383,1309,1638,0.4471,0.2456
2025-07,5850,3018,1103,1729,0.5159,0.1885
2025-08,3785,2020,670,1095,0.5337,0.177
2025-09,4322,2225,735,1362,0.5148,0.1701
2025-10,5091,2261,1328,1502,0.4441,0.2609
2025-11,4394,2130,1010,1254,0.4848,0.2299
2025-12,3576,1940,660,976,0.5425,0.1846
2026-01,3907,2009,770,1128,0.5142,0.1971
2026-02,4286,2085,934,1267,0.4865,0.2179
2026-03,3176,1589,641,946,0.5003,0.2018
2026-04,4748,2269,1048,1431,0.4779,0.2207
2026-05,5057,2271,1281,1505,0.4491,0.2533
2026-06,3948,1727,1037,1184,0.4374,0.2627
2026-07,4053,1798,1038,1217,0.4436,0.2561
2026-08,4011,1625,1178,1208,0.4051,0.2937
2026-09,4456,1794,1351,1311,0.4026,0.3032
2026-10,981,490,228,263,0.4995,0.2324
